<?xml version="1.0" standalone="yes"?>
<PlayerList>
    <info>
        <description>
            <player>
                <nickname>player0</nickname>
                <email>0@web.at</email>
                <details>
                    <skills>[object Object]</skills>
                </details>
            </player>
            <player_location geolocation="(0,1)">
                <account_description>
                    <email>0@web.at</email>
                    <account_description>
                        <account>
                            <nickname>player0</nickname>
                            <email>0@web.at</email>
                            <details>
                                <gender>male</gender>
                            </details>
                        </account>
                    </account_description>
                </account_description>
                <flora>friendly</flora>
                <fauna>mediterranean</fauna>
                <brightness>200</brightness>
            </player_location>
        </description>
    </info>
    <info>
        <description>
            <player>
                <nickname>player1</nickname>
                <email>1@web.at</email>
                <details>
                    <skills>[object Object]</skills>
                </details>
            </player>
            <player_location geolocation="(1,2)">
                <account_description>
                    <email>1@web.at</email>
                    <account_description>
                        <account>
                            <nickname>player1</nickname>
                            <email>1@web.at</email>
                            <details>
                                <gender>male</gender>
                            </details>
                        </account>
                    </account_description>
                </account_description>
                <flora>friendly</flora>
                <fauna>mediterranean</fauna>
                <brightness>200</brightness>
            </player_location>
        </description>
    </info>
    <info>
        <description>
            <player>
                <nickname>player2</nickname>
                <email>2@web.at</email>
                <details>
                    <skills>[object Object]</skills>
                </details>
            </player>
            <player_location geolocation="(2,3)">
                <account_description>
                    <email>2@web.at</email>
                    <account_description>
                        <account>
                            <nickname>player2</nickname>
                            <email>2@web.at</email>
                            <details>
                                <gender>male</gender>
                            </details>
                        </account>
                    </account_description>
                </account_description>
                <flora>friendly</flora>
                <fauna>mediterranean</fauna>
                <brightness>200</brightness>
            </player_location>
        </description>
    </info>
    <info>
        <description>
            <player>
                <nickname>player3</nickname>
                <email>3@web.at</email>
                <details>
                    <skills>[object Object]</skills>
                </details>
            </player>
            <player_location geolocation="(3,4)">
                <account_description>
                    <email>3@web.at</email>
                    <account_description>
                        <account>
                            <nickname>player3</nickname>
                            <email>3@web.at</email>
                            <details>
                                <gender>male</gender>
                            </details>
                        </account>
                    </account_description>
                </account_description>
                <flora>friendly</flora>
                <fauna>mediterranean</fauna>
                <brightness>200</brightness>
            </player_location>
        </description>
    </info>
    <info>
        <description>
            <player>
                <nickname>player4</nickname>
                <email>4@web.at</email>
                <details>
                    <skills>[object Object]</skills>
                </details>
            </player>
            <player_location geolocation="(4,5)">
                <account_description>
                    <email>4@web.at</email>
                    <account_description>
                        <account>
                            <nickname>player4</nickname>
                            <email>4@web.at</email>
                            <details>
                                <gender>male</gender>
                            </details>
                        </account>
                    </account_description>
                </account_description>
                <flora>friendly</flora>
                <fauna>mediterranean</fauna>
                <brightness>200</brightness>
            </player_location>
        </description>
    </info>
    <info>
        <description>
            <player>
                <nickname>player5</nickname>
                <email>5@web.at</email>
                <details>
                    <skills>[object Object]</skills>
                </details>
            </player>
            <player_location geolocation="(0,1)">
                <account_description>
                    <email>5@web.at</email>
                    <account_description>
                        <account>
                            <nickname>player5</nickname>
                            <email>5@web.at</email>
                            <details>
                                <gender>male</gender>
                            </details>
                        </account>
                    </account_description>
                </account_description>
                <flora>friendly</flora>
                <fauna>mediterranean</fauna>
                <brightness>200</brightness>
            </player_location>
        </description>
    </info>
    <info>
        <description>
            <player>
                <nickname>player6</nickname>
                <email>6@web.at</email>
                <details>
                    <skills>[object Object]</skills>
                </details>
            </player>
            <player_location geolocation="(1,2)">
                <account_description>
                    <email>6@web.at</email>
                    <account_description>
                        <account>
                            <nickname>player6</nickname>
                            <email>6@web.at</email>
                            <details>
                                <gender>male</gender>
                            </details>
                        </account>
                    </account_description>
                </account_description>
                <flora>friendly</flora>
                <fauna>mediterranean</fauna>
                <brightness>200</brightness>
            </player_location>
        </description>
    </info>
    <info>
        <description>
            <player>
                <nickname>player7</nickname>
                <email>7@web.at</email>
                <details>
                    <skills>[object Object]</skills>
                </details>
            </player>
            <player_location geolocation="(2,3)">
                <account_description>
                    <email>7@web.at</email>
                    <account_description>
                        <account>
                            <nickname>player7</nickname>
                            <email>7@web.at</email>
                            <details>
                                <gender>male</gender>
                            </details>
                        </account>
                    </account_description>
                </account_description>
                <flora>friendly</flora>
                <fauna>mediterranean</fauna>
                <brightness>200</brightness>
            </player_location>
        </description>
    </info>
    <info>
        <description>
            <player>
                <nickname>player8</nickname>
                <email>8@web.at</email>
                <details>
                    <skills>[object Object]</skills>
                </details>
            </player>
            <player_location geolocation="(3,4)">
                <account_description>
                    <email>8@web.at</email>
                    <account_description>
                        <account>
                            <nickname>player8</nickname>
                            <email>8@web.at</email>
                            <details>
                                <gender>male</gender>
                            </details>
                        </account>
                    </account_description>
                </account_description>
                <flora>friendly</flora>
                <fauna>mediterranean</fauna>
                <brightness>200</brightness>
            </player_location>
        </description>
    </info>
    <info>
        <description>
            <player>
                <nickname>player9</nickname>
                <email>9@web.at</email>
                <details>
                    <skills>[object Object]</skills>
                </details>
            </player>
            <player_location geolocation="(4,5)">
                <account_description>
                    <email>9@web.at</email>
                    <account_description>
                        <account>
                            <nickname>player9</nickname>
                            <email>9@web.at</email>
                            <details>
                                <gender>male</gender>
                            </details>
                        </account>
                    </account_description>
                </account_description>
                <flora>friendly</flora>
                <fauna>mediterranean</fauna>
                <brightness>200</brightness>
            </player_location>
        </description>
    </info>
    <info>
        <description>
            <player>
                <nickname>player10</nickname>
                <email>10@web.at</email>
                <details>
                    <skills>[object Object]</skills>
                </details>
            </player>
            <player_location geolocation="(0,1)">
                <account_description>
                    <email>10@web.at</email>
                    <account_description>
                        <account>
                            <nickname>player10</nickname>
                            <email>10@web.at</email>
                            <details>
                                <gender>male</gender>
                            </details>
                        </account>
                    </account_description>
                </account_description>
                <flora>friendly</flora>
                <fauna>mediterranean</fauna>
                <brightness>200</brightness>
            </player_location>
        </description>
    </info>
    <info>
        <description>
            <player>
                <nickname>player11</nickname>
                <email>11@web.at</email>
                <details>
                    <skills>[object Object]</skills>
                </details>
            </player>
            <player_location geolocation="(1,2)">
                <account_description>
                    <email>11@web.at</email>
                    <account_description>
                        <account>
                            <nickname>player11</nickname>
                            <email>11@web.at</email>
                            <details>
                                <gender>male</gender>
                            </details>
                        </account>
                    </account_description>
                </account_description>
                <flora>friendly</flora>
                <fauna>mediterranean</fauna>
                <brightness>200</brightness>
            </player_location>
        </description>
    </info>
    <info>
        <description>
            <player>
                <nickname>player12</nickname>
                <email>12@web.at</email>
                <details>
                    <skills>[object Object]</skills>
                </details>
            </player>
            <player_location geolocation="(2,3)">
                <account_description>
                    <email>12@web.at</email>
                    <account_description>
                        <account>
                            <nickname>player12</nickname>
                            <email>12@web.at</email>
                            <details>
                                <gender>male</gender>
                            </details>
                        </account>
                    </account_description>
                </account_description>
                <flora>friendly</flora>
                <fauna>mediterranean</fauna>
                <brightness>200</brightness>
            </player_location>
        </description>
    </info>
    <info>
        <description>
            <player>
                <nickname>player13</nickname>
                <email>13@web.at</email>
                <details>
                    <skills>[object Object]</skills>
                </details>
            </player>
            <player_location geolocation="(3,4)">
                <account_description>
                    <email>13@web.at</email>
                    <account_description>
                        <account>
                            <nickname>player13</nickname>
                            <email>13@web.at</email>
                            <details>
                                <gender>male</gender>
                            </details>
                        </account>
                    </account_description>
                </account_description>
                <flora>friendly</flora>
                <fauna>mediterranean</fauna>
                <brightness>200</brightness>
            </player_location>
        </description>
    </info>
    <info>
        <description>
            <player>
                <nickname>player14</nickname>
                <email>14@web.at</email>
                <details>
                    <skills>[object Object]</skills>
                </details>
            </player>
            <player_location geolocation="(4,5)">
                <account_description>
                    <email>14@web.at</email>
                    <account_description>
                        <account>
                            <nickname>player14</nickname>
                            <email>14@web.at</email>
                            <details>
                                <gender>male</gender>
                            </details>
                        </account>
                    </account_description>
                </account_description>
                <flora>friendly</flora>
                <fauna>mediterranean</fauna>
                <brightness>200</brightness>
            </player_location>
        </description>
    </info>
    <info>
        <description>
            <player>
                <nickname>player15</nickname>
                <email>15@web.at</email>
                <details>
                    <skills>[object Object]</skills>
                </details>
            </player>
            <player_location geolocation="(0,1)">
                <account_description>
                    <email>15@web.at</email>
                    <account_description>
                        <account>
                            <nickname>player15</nickname>
                            <email>15@web.at</email>
                            <details>
                                <gender>male</gender>
                            </details>
                        </account>
                    </account_description>
                </account_description>
                <flora>friendly</flora>
                <fauna>mediterranean</fauna>
                <brightness>200</brightness>
            </player_location>
        </description>
    </info>
    <info>
        <description>
            <player>
                <nickname>player16</nickname>
                <email>16@web.at</email>
                <details>
                    <skills>[object Object]</skills>
                </details>
            </player>
            <player_location geolocation="(1,2)">
                <account_description>
                    <email>16@web.at</email>
                    <account_description>
                        <account>
                            <nickname>player16</nickname>
                            <email>16@web.at</email>
                            <details>
                                <gender>male</gender>
                            </details>
                        </account>
                    </account_description>
                </account_description>
                <flora>friendly</flora>
                <fauna>mediterranean</fauna>
                <brightness>200</brightness>
            </player_location>
        </description>
    </info>
    <info>
        <description>
            <player>
                <nickname>player17</nickname>
                <email>17@web.at</email>
                <details>
                    <skills>[object Object]</skills>
                </details>
            </player>
            <player_location geolocation="(2,3)">
                <account_description>
                    <email>17@web.at</email>
                    <account_description>
                        <account>
                            <nickname>player17</nickname>
                            <email>17@web.at</email>
                            <details>
                                <gender>male</gender>
                            </details>
                        </account>
                    </account_description>
                </account_description>
                <flora>friendly</flora>
                <fauna>mediterranean</fauna>
                <brightness>200</brightness>
            </player_location>
        </description>
    </info>
    <info>
        <description>
            <player>
                <nickname>player18</nickname>
                <email>18@web.at</email>
                <details>
                    <skills>[object Object]</skills>
                </details>
            </player>
            <player_location geolocation="(3,4)">
                <account_description>
                    <email>18@web.at</email>
                    <account_description>
                        <account>
                            <nickname>player18</nickname>
                            <email>18@web.at</email>
                            <details>
                                <gender>male</gender>
                            </details>
                        </account>
                    </account_description>
                </account_description>
                <flora>friendly</flora>
                <fauna>mediterranean</fauna>
                <brightness>200</brightness>
            </player_location>
        </description>
    </info>
    <info>
        <description>
            <player>
                <nickname>player19</nickname>
                <email>19@web.at</email>
                <details>
                    <skills>[object Object]</skills>
                </details>
            </player>
            <player_location geolocation="(4,5)">
                <account_description>
                    <email>19@web.at</email>
                    <account_description>
                        <account>
                            <nickname>player19</nickname>
                            <email>19@web.at</email>
                            <details>
                                <gender>male</gender>
                            </details>
                        </account>
                    </account_description>
                </account_description>
                <flora>friendly</flora>
                <fauna>mediterranean</fauna>
                <brightness>200</brightness>
            </player_location>
        </description>
    </info>
    <info>
        <description>
            <player>
                <nickname>player20</nickname>
                <email>20@web.at</email>
                <details>
                    <skills>[object Object]</skills>
                </details>
            </player>
            <player_location geolocation="(0,1)">
                <account_description>
                    <email>20@web.at</email>
                    <account_description>
                        <account>
                            <nickname>player20</nickname>
                            <email>20@web.at</email>
                            <details>
                                <gender>male</gender>
                            </details>
                        </account>
                    </account_description>
                </account_description>
                <flora>friendly</flora>
                <fauna>mediterranean</fauna>
                <brightness>200</brightness>
            </player_location>
        </description>
    </info>
    <info>
        <description>
            <player>
                <nickname>player21</nickname>
                <email>21@web.at</email>
                <details>
                    <skills>[object Object]</skills>
                </details>
            </player>
            <player_location geolocation="(1,2)">
                <account_description>
                    <email>21@web.at</email>
                    <account_description>
                        <account>
                            <nickname>player21</nickname>
                            <email>21@web.at</email>
                            <details>
                                <gender>male</gender>
                            </details>
                        </account>
                    </account_description>
                </account_description>
                <flora>friendly</flora>
                <fauna>mediterranean</fauna>
                <brightness>200</brightness>
            </player_location>
        </description>
    </info>
    <info>
        <description>
            <player>
                <nickname>player22</nickname>
                <email>22@web.at</email>
                <details>
                    <skills>[object Object]</skills>
                </details>
            </player>
            <player_location geolocation="(2,3)">
                <account_description>
                    <email>22@web.at</email>
                    <account_description>
                        <account>
                            <nickname>player22</nickname>
                            <email>22@web.at</email>
                            <details>
                                <gender>male</gender>
                            </details>
                        </account>
                    </account_description>
                </account_description>
                <flora>friendly</flora>
                <fauna>mediterranean</fauna>
                <brightness>200</brightness>
            </player_location>
        </description>
    </info>
    <info>
        <description>
            <player>
                <nickname>player23</nickname>
                <email>23@web.at</email>
                <details>
                    <skills>[object Object]</skills>
                </details>
            </player>
            <player_location geolocation="(3,4)">
                <account_description>
                    <email>23@web.at</email>
                    <account_description>
                        <account>
                            <nickname>player23</nickname>
                            <email>23@web.at</email>
                            <details>
                                <gender>male</gender>
                            </details>
                        </account>
                    </account_description>
                </account_description>
                <flora>friendly</flora>
                <fauna>mediterranean</fauna>
                <brightness>200</brightness>
            </player_location>
        </description>
    </info>
    <info>
        <description>
            <player>
                <nickname>player24</nickname>
                <email>24@web.at</email>
                <details>
                    <skills>[object Object]</skills>
                </details>
            </player>
            <player_location geolocation="(4,5)">
                <account_description>
                    <email>24@web.at</email>
                    <account_description>
                        <account>
                            <nickname>player24</nickname>
                            <email>24@web.at</email>
                            <details>
                                <gender>male</gender>
                            </details>
                        </account>
                    </account_description>
                </account_description>
                <flora>friendly</flora>
                <fauna>mediterranean</fauna>
                <brightness>200</brightness>
            </player_location>
        </description>
    </info>
    <info>
        <description>
            <player>
                <nickname>player25</nickname>
                <email>25@web.at</email>
                <details>
                    <skills>[object Object]</skills>
                </details>
            </player>
            <player_location geolocation="(0,1)">
                <account_description>
                    <email>25@web.at</email>
                    <account_description>
                        <account>
                            <nickname>player25</nickname>
                            <email>25@web.at</email>
                            <details>
                                <gender>male</gender>
                            </details>
                        </account>
                    </account_description>
                </account_description>
                <flora>friendly</flora>
                <fauna>mediterranean</fauna>
                <brightness>200</brightness>
            </player_location>
        </description>
    </info>
    <info>
        <description>
            <player>
                <nickname>player26</nickname>
                <email>26@web.at</email>
                <details>
                    <skills>[object Object]</skills>
                </details>
            </player>
            <player_location geolocation="(1,2)">
                <account_description>
                    <email>26@web.at</email>
                    <account_description>
                        <account>
                            <nickname>player26</nickname>
                            <email>26@web.at</email>
                            <details>
                                <gender>male</gender>
                            </details>
                        </account>
                    </account_description>
                </account_description>
                <flora>friendly</flora>
                <fauna>mediterranean</fauna>
                <brightness>200</brightness>
            </player_location>
        </description>
    </info>
    <info>
        <description>
            <player>
                <nickname>player27</nickname>
                <email>27@web.at</email>
                <details>
                    <skills>[object Object]</skills>
                </details>
            </player>
            <player_location geolocation="(2,3)">
                <account_description>
                    <email>27@web.at</email>
                    <account_description>
                        <account>
                            <nickname>player27</nickname>
                            <email>27@web.at</email>
                            <details>
                                <gender>male</gender>
                            </details>
                        </account>
                    </account_description>
                </account_description>
                <flora>friendly</flora>
                <fauna>mediterranean</fauna>
                <brightness>200</brightness>
            </player_location>
        </description>
    </info>
    <info>
        <description>
            <player>
                <nickname>player28</nickname>
                <email>28@web.at</email>
                <details>
                    <skills>[object Object]</skills>
                </details>
            </player>
            <player_location geolocation="(3,4)">
                <account_description>
                    <email>28@web.at</email>
                    <account_description>
                        <account>
                            <nickname>player28</nickname>
                            <email>28@web.at</email>
                            <details>
                                <gender>male</gender>
                            </details>
                        </account>
                    </account_description>
                </account_description>
                <flora>friendly</flora>
                <fauna>mediterranean</fauna>
                <brightness>200</brightness>
            </player_location>
        </description>
    </info>
    <info>
        <description>
            <player>
                <nickname>player29</nickname>
                <email>29@web.at</email>
                <details>
                    <skills>[object Object]</skills>
                </details>
            </player>
            <player_location geolocation="(4,5)">
                <account_description>
                    <email>29@web.at</email>
                    <account_description>
                        <account>
                            <nickname>player29</nickname>
                            <email>29@web.at</email>
                            <details>
                                <gender>male</gender>
                            </details>
                        </account>
                    </account_description>
                </account_description>
                <flora>friendly</flora>
                <fauna>mediterranean</fauna>
                <brightness>200</brightness>
            </player_location>
        </description>
    </info>
</PlayerList>