<?xml version="1.0" standalone="yes"?>
<UserList>
  <user>
    <account password="asdfassdf">
      <description>
        <account>
          <nickname>player0</nickname>
          <email>0@web.at</email>
          <details>
            <gender>male</gender>
          </details>
        </account>
      </description>
      <email>0@web.at</email>
      <lastLogin>2021-04-15</lastLogin>
    </account>
    <inventory>
      <color>black</color>
      <size>10</size>
      <email>0@web.at</email>
    </inventory>
    <player>
      <nickname>player0</nickname>
    </player>
  </user>
  <user>
    <account password="asdfassdf">
      <description>
        <account>
          <nickname>player1</nickname>
          <email>1@web.at</email>
          <details>
            <gender>male</gender>
          </details>
        </account>
      </description>
      <email>1@web.at</email>
      <lastLogin>2021-04-15</lastLogin>
    </account>
    <inventory>
      <color>black</color>
      <size>10</size>
      <email>1@web.at</email>
    </inventory>
    <player>
      <nickname>player1</nickname>
    </player>
  </user>
  <user>
    <account password="asdfassdf">
      <description>
        <account>
          <nickname>player2</nickname>
          <email>2@web.at</email>
          <details>
            <gender>male</gender>
          </details>
        </account>
      </description>
      <email>2@web.at</email>
      <lastLogin>2021-04-15</lastLogin>
    </account>
    <inventory>
      <color>black</color>
      <size>10</size>
      <email>2@web.at</email>
    </inventory>
    <player>
      <nickname>player2</nickname>
    </player>
  </user>
  <user>
    <account password="asdfassdf">
      <description>
        <account>
          <nickname>player3</nickname>
          <email>3@web.at</email>
          <details>
            <gender>male</gender>
          </details>
        </account>
      </description>
      <email>3@web.at</email>
      <lastLogin>2021-04-15</lastLogin>
    </account>
    <inventory>
      <color>black</color>
      <size>10</size>
      <email>3@web.at</email>
    </inventory>
    <player>
      <nickname>player3</nickname>
    </player>
  </user>
  <user>
    <account password="asdfassdf">
      <description>
        <account>
          <nickname>player4</nickname>
          <email>4@web.at</email>
          <details>
            <gender>male</gender>
          </details>
        </account>
      </description>
      <email>4@web.at</email>
      <lastLogin>2021-04-15</lastLogin>
    </account>
    <inventory>
      <color>black</color>
      <size>10</size>
      <email>4@web.at</email>
    </inventory>
    <player>
      <nickname>player4</nickname>
    </player>
  </user>
  <user>
    <account password="asdfassdf">
      <description>
        <account>
          <nickname>player5</nickname>
          <email>5@web.at</email>
          <details>
            <gender>male</gender>
          </details>
        </account>
      </description>
      <email>5@web.at</email>
      <lastLogin>2021-04-15</lastLogin>
    </account>
    <inventory>
      <color>black</color>
      <size>10</size>
      <email>5@web.at</email>
    </inventory>
    <player>
      <nickname>player5</nickname>
    </player>
  </user>
  <user>
    <account password="asdfassdf">
      <description>
        <account>
          <nickname>player6</nickname>
          <email>6@web.at</email>
          <details>
            <gender>male</gender>
          </details>
        </account>
      </description>
      <email>6@web.at</email>
      <lastLogin>2021-04-15</lastLogin>
    </account>
    <inventory>
      <color>black</color>
      <size>10</size>
      <email>6@web.at</email>
    </inventory>
    <player>
      <nickname>player6</nickname>
    </player>
  </user>
  <user>
    <account password="asdfassdf">
      <description>
        <account>
          <nickname>player7</nickname>
          <email>7@web.at</email>
          <details>
            <gender>male</gender>
          </details>
        </account>
      </description>
      <email>7@web.at</email>
      <lastLogin>2021-04-15</lastLogin>
    </account>
    <inventory>
      <color>black</color>
      <size>10</size>
      <email>7@web.at</email>
    </inventory>
    <player>
      <nickname>player7</nickname>
    </player>
  </user>
  <user>
    <account password="asdfassdf">
      <description>
        <account>
          <nickname>player8</nickname>
          <email>8@web.at</email>
          <details>
            <gender>male</gender>
          </details>
        </account>
      </description>
      <email>8@web.at</email>
      <lastLogin>2021-04-15</lastLogin>
    </account>
    <inventory>
      <color>black</color>
      <size>10</size>
      <email>8@web.at</email>
    </inventory>
    <player>
      <nickname>player8</nickname>
    </player>
  </user>
  <user>
    <account password="asdfassdf">
      <description>
        <account>
          <nickname>player9</nickname>
          <email>9@web.at</email>
          <details>
            <gender>male</gender>
          </details>
        </account>
      </description>
      <email>9@web.at</email>
      <lastLogin>2021-04-15</lastLogin>
    </account>
    <inventory>
      <color>black</color>
      <size>10</size>
      <email>9@web.at</email>
    </inventory>
    <player>
      <nickname>player9</nickname>
    </player>
  </user>
  <user>
    <account password="asdfassdf">
      <description>
        <account>
          <nickname>player10</nickname>
          <email>10@web.at</email>
          <details>
            <gender>male</gender>
          </details>
        </account>
      </description>
      <email>10@web.at</email>
      <lastLogin>2021-04-15</lastLogin>
    </account>
    <inventory>
      <color>black</color>
      <size>10</size>
      <email>10@web.at</email>
    </inventory>
    <player>
      <nickname>player10</nickname>
    </player>
  </user>
  <user>
    <account password="asdfassdf">
      <description>
        <account>
          <nickname>player11</nickname>
          <email>11@web.at</email>
          <details>
            <gender>male</gender>
          </details>
        </account>
      </description>
      <email>11@web.at</email>
      <lastLogin>2021-04-15</lastLogin>
    </account>
    <inventory>
      <color>black</color>
      <size>10</size>
      <email>11@web.at</email>
    </inventory>
    <player>
      <nickname>player11</nickname>
    </player>
  </user>
  <user>
    <account password="asdfassdf">
      <description>
        <account>
          <nickname>player12</nickname>
          <email>12@web.at</email>
          <details>
            <gender>male</gender>
          </details>
        </account>
      </description>
      <email>12@web.at</email>
      <lastLogin>2021-04-15</lastLogin>
    </account>
    <inventory>
      <color>black</color>
      <size>10</size>
      <email>12@web.at</email>
    </inventory>
    <player>
      <nickname>player12</nickname>
    </player>
  </user>
  <user>
    <account password="asdfassdf">
      <description>
        <account>
          <nickname>player13</nickname>
          <email>13@web.at</email>
          <details>
            <gender>male</gender>
          </details>
        </account>
      </description>
      <email>13@web.at</email>
      <lastLogin>2021-04-15</lastLogin>
    </account>
    <inventory>
      <color>black</color>
      <size>10</size>
      <email>13@web.at</email>
    </inventory>
    <player>
      <nickname>player13</nickname>
    </player>
  </user>
  <user>
    <account password="asdfassdf">
      <description>
        <account>
          <nickname>player14</nickname>
          <email>14@web.at</email>
          <details>
            <gender>male</gender>
          </details>
        </account>
      </description>
      <email>14@web.at</email>
      <lastLogin>2021-04-15</lastLogin>
    </account>
    <inventory>
      <color>black</color>
      <size>10</size>
      <email>14@web.at</email>
    </inventory>
    <player>
      <nickname>player14</nickname>
    </player>
  </user>
  <user>
    <account password="asdfassdf">
      <description>
        <account>
          <nickname>player15</nickname>
          <email>15@web.at</email>
          <details>
            <gender>male</gender>
          </details>
        </account>
      </description>
      <email>15@web.at</email>
      <lastLogin>2021-04-15</lastLogin>
    </account>
    <inventory>
      <color>black</color>
      <size>10</size>
      <email>15@web.at</email>
    </inventory>
    <player>
      <nickname>player15</nickname>
    </player>
  </user>
  <user>
    <account password="asdfassdf">
      <description>
        <account>
          <nickname>player16</nickname>
          <email>16@web.at</email>
          <details>
            <gender>male</gender>
          </details>
        </account>
      </description>
      <email>16@web.at</email>
      <lastLogin>2021-04-15</lastLogin>
    </account>
    <inventory>
      <color>black</color>
      <size>10</size>
      <email>16@web.at</email>
    </inventory>
    <player>
      <nickname>player16</nickname>
    </player>
  </user>
  <user>
    <account password="asdfassdf">
      <description>
        <account>
          <nickname>player17</nickname>
          <email>17@web.at</email>
          <details>
            <gender>male</gender>
          </details>
        </account>
      </description>
      <email>17@web.at</email>
      <lastLogin>2021-04-15</lastLogin>
    </account>
    <inventory>
      <color>black</color>
      <size>10</size>
      <email>17@web.at</email>
    </inventory>
    <player>
      <nickname>player17</nickname>
    </player>
  </user>
  <user>
    <account password="asdfassdf">
      <description>
        <account>
          <nickname>player18</nickname>
          <email>18@web.at</email>
          <details>
            <gender>male</gender>
          </details>
        </account>
      </description>
      <email>18@web.at</email>
      <lastLogin>2021-04-15</lastLogin>
    </account>
    <inventory>
      <color>black</color>
      <size>10</size>
      <email>18@web.at</email>
    </inventory>
    <player>
      <nickname>player18</nickname>
    </player>
  </user>
  <user>
    <account password="asdfassdf">
      <description>
        <account>
          <nickname>player19</nickname>
          <email>19@web.at</email>
          <details>
            <gender>male</gender>
          </details>
        </account>
      </description>
      <email>19@web.at</email>
      <lastLogin>2021-04-15</lastLogin>
    </account>
    <inventory>
      <color>black</color>
      <size>10</size>
      <email>19@web.at</email>
    </inventory>
    <player>
      <nickname>player19</nickname>
    </player>
  </user>
  <user>
    <account password="asdfassdf">
      <description>
        <account>
          <nickname>player20</nickname>
          <email>20@web.at</email>
          <details>
            <gender>male</gender>
          </details>
        </account>
      </description>
      <email>20@web.at</email>
      <lastLogin>2021-04-15</lastLogin>
    </account>
    <inventory>
      <color>black</color>
      <size>10</size>
      <email>20@web.at</email>
    </inventory>
    <player>
      <nickname>player20</nickname>
    </player>
  </user>
  <user>
    <account password="asdfassdf">
      <description>
        <account>
          <nickname>player21</nickname>
          <email>21@web.at</email>
          <details>
            <gender>male</gender>
          </details>
        </account>
      </description>
      <email>21@web.at</email>
      <lastLogin>2021-04-15</lastLogin>
    </account>
    <inventory>
      <color>black</color>
      <size>10</size>
      <email>21@web.at</email>
    </inventory>
    <player>
      <nickname>player21</nickname>
    </player>
  </user>
  <user>
    <account password="asdfassdf">
      <description>
        <account>
          <nickname>player22</nickname>
          <email>22@web.at</email>
          <details>
            <gender>male</gender>
          </details>
        </account>
      </description>
      <email>22@web.at</email>
      <lastLogin>2021-04-15</lastLogin>
    </account>
    <inventory>
      <color>black</color>
      <size>10</size>
      <email>22@web.at</email>
    </inventory>
    <player>
      <nickname>player22</nickname>
    </player>
  </user>
  <user>
    <account password="asdfassdf">
      <description>
        <account>
          <nickname>player23</nickname>
          <email>23@web.at</email>
          <details>
            <gender>male</gender>
          </details>
        </account>
      </description>
      <email>23@web.at</email>
      <lastLogin>2021-04-15</lastLogin>
    </account>
    <inventory>
      <color>black</color>
      <size>10</size>
      <email>23@web.at</email>
    </inventory>
    <player>
      <nickname>player23</nickname>
    </player>
  </user>
  <user>
    <account password="asdfassdf">
      <description>
        <account>
          <nickname>player24</nickname>
          <email>24@web.at</email>
          <details>
            <gender>male</gender>
          </details>
        </account>
      </description>
      <email>24@web.at</email>
      <lastLogin>2021-04-15</lastLogin>
    </account>
    <inventory>
      <color>black</color>
      <size>10</size>
      <email>24@web.at</email>
    </inventory>
    <player>
      <nickname>player24</nickname>
    </player>
  </user>
  <user>
    <account password="asdfassdf">
      <description>
        <account>
          <nickname>player25</nickname>
          <email>25@web.at</email>
          <details>
            <gender>male</gender>
          </details>
        </account>
      </description>
      <email>25@web.at</email>
      <lastLogin>2021-04-15</lastLogin>
    </account>
    <inventory>
      <color>black</color>
      <size>10</size>
      <email>25@web.at</email>
    </inventory>
    <player>
      <nickname>player25</nickname>
    </player>
  </user>
  <user>
    <account password="asdfassdf">
      <description>
        <account>
          <nickname>player26</nickname>
          <email>26@web.at</email>
          <details>
            <gender>male</gender>
          </details>
        </account>
      </description>
      <email>26@web.at</email>
      <lastLogin>2021-04-15</lastLogin>
    </account>
    <inventory>
      <color>black</color>
      <size>10</size>
      <email>26@web.at</email>
    </inventory>
    <player>
      <nickname>player26</nickname>
    </player>
  </user>
  <user>
    <account password="asdfassdf">
      <description>
        <account>
          <nickname>player27</nickname>
          <email>27@web.at</email>
          <details>
            <gender>male</gender>
          </details>
        </account>
      </description>
      <email>27@web.at</email>
      <lastLogin>2021-04-15</lastLogin>
    </account>
    <inventory>
      <color>black</color>
      <size>10</size>
      <email>27@web.at</email>
    </inventory>
    <player>
      <nickname>player27</nickname>
    </player>
  </user>
  <user>
    <account password="asdfassdf">
      <description>
        <account>
          <nickname>player28</nickname>
          <email>28@web.at</email>
          <details>
            <gender>male</gender>
          </details>
        </account>
      </description>
      <email>28@web.at</email>
      <lastLogin>2021-04-15</lastLogin>
    </account>
    <inventory>
      <color>black</color>
      <size>10</size>
      <email>28@web.at</email>
    </inventory>
    <player>
      <nickname>player28</nickname>
    </player>
  </user>
  <user>
    <account password="asdfassdf">
      <description>
        <account>
          <nickname>player29</nickname>
          <email>29@web.at</email>
          <details>
            <gender>male</gender>
          </details>
        </account>
      </description>
      <email>29@web.at</email>
      <lastLogin>2021-04-15</lastLogin>
    </account>
    <inventory>
      <color>black</color>
      <size>10</size>
      <email>29@web.at</email>
    </inventory>
    <player>
      <nickname>player29</nickname>
    </player>
  </user>
</UserList>