<?xml version="1.0" standalone="yes"?>
<MaterialList>
    <materialusage>
        <materialinfo>-0.5</materialinfo>
        <usedin>
            <name>item0</name>
            <worth>0</worth>
            <usage>cooking</usage>
            <foundat geolocation="(0,1)">
                <details>
                    <floraandfauna>
                        <fauna>mediterranean</fauna>
                        <flora>friendly</flora>
                    </floraandfauna>
                </details>
            </foundat>
        </usedin>
    </materialusage>
    <materialusage>
        <materialinfo>4.5</materialinfo>
        <usedin>
            <name>item5</name>
            <worth>3.5</worth>
            <usage>cooking</usage>
            <foundat geolocation="(0,1)">
                <details>
                    <floraandfauna>
                        <fauna>mediterranean</fauna>
                        <flora>friendly</flora>
                    </floraandfauna>
                </details>
            </foundat>
        </usedin>
    </materialusage>
    <materialusage>
        <materialinfo>9.5</materialinfo>
        <usedin>
            <name>item10</name>
            <worth>7</worth>
            <usage>cooking</usage>
            <foundat geolocation="(0,1)">
                <details>
                    <floraandfauna>
                        <fauna>mediterranean</fauna>
                        <flora>friendly</flora>
                    </floraandfauna>
                </details>
            </foundat>
        </usedin>
    </materialusage>
    <materialusage>
        <materialinfo>14.5</materialinfo>
        <usedin>
            <name>item15</name>
            <worth>10.5</worth>
            <usage>cooking</usage>
            <foundat geolocation="(0,1)">
                <details>
                    <floraandfauna>
                        <fauna>mediterranean</fauna>
                        <flora>friendly</flora>
                    </floraandfauna>
                </details>
            </foundat>
        </usedin>
    </materialusage>
    <materialusage>
        <materialinfo>19.5</materialinfo>
        <usedin>
            <name>item20</name>
            <worth>14</worth>
            <usage>cooking</usage>
            <foundat geolocation="(0,1)">
                <details>
                    <floraandfauna>
                        <fauna>mediterranean</fauna>
                        <flora>friendly</flora>
                    </floraandfauna>
                </details>
            </foundat>
        </usedin>
    </materialusage>
    <materialusage>
        <materialinfo>24.5</materialinfo>
        <usedin>
            <name>item25</name>
            <worth>17.5</worth>
            <usage>cooking</usage>
            <foundat geolocation="(0,1)">
                <details>
                    <floraandfauna>
                        <fauna>mediterranean</fauna>
                        <flora>friendly</flora>
                    </floraandfauna>
                </details>
            </foundat>
        </usedin>
    </materialusage>
    <materialusage>
        <materialinfo>20.5</materialinfo>
        <usedin>
            <name>item21</name>
            <worth>14.7</worth>
            <usage>cooking</usage>
            <foundat geolocation="(1,2)">
                <details>
                    <floraandfauna>
                        <fauna>mediterranean</fauna>
                        <flora>friendly</flora>
                    </floraandfauna>
                </details>
            </foundat>
        </usedin>
    </materialusage>
    <materialusage>
        <materialinfo>25.5</materialinfo>
        <usedin>
            <name>item26</name>
            <worth>18.2</worth>
            <usage>cooking</usage>
            <foundat geolocation="(1,2)">
                <details>
                    <floraandfauna>
                        <fauna>mediterranean</fauna>
                        <flora>friendly</flora>
                    </floraandfauna>
                </details>
            </foundat>
        </usedin>
    </materialusage>
    <materialusage>
        <materialinfo>0.5</materialinfo>
        <usedin>
            <name>item1</name>
            <worth>0.7</worth>
            <usage>cooking</usage>
            <foundat geolocation="(1,2)">
                <details>
                    <floraandfauna>
                        <fauna>mediterranean</fauna>
                        <flora>friendly</flora>
                    </floraandfauna>
                </details>
            </foundat>
        </usedin>
    </materialusage>
    <materialusage>
        <materialinfo>10.5</materialinfo>
        <usedin>
            <name>item11</name>
            <worth>7.7</worth>
            <usage>cooking</usage>
            <foundat geolocation="(1,2)">
                <details>
                    <floraandfauna>
                        <fauna>mediterranean</fauna>
                        <flora>friendly</flora>
                    </floraandfauna>
                </details>
            </foundat>
        </usedin>
    </materialusage>
    <materialusage>
        <materialinfo>15.5</materialinfo>
        <usedin>
            <name>item16</name>
            <worth>11.2</worth>
            <usage>cooking</usage>
            <foundat geolocation="(1,2)">
                <details>
                    <floraandfauna>
                        <fauna>mediterranean</fauna>
                        <flora>friendly</flora>
                    </floraandfauna>
                </details>
            </foundat>
        </usedin>
    </materialusage>
    <materialusage>
        <materialinfo>5.5</materialinfo>
        <usedin>
            <name>item6</name>
            <worth>4.2</worth>
            <usage>cooking</usage>
            <foundat geolocation="(1,2)">
                <details>
                    <floraandfauna>
                        <fauna>mediterranean</fauna>
                        <flora>friendly</flora>
                    </floraandfauna>
                </details>
            </foundat>
        </usedin>
    </materialusage>
    <materialusage>
        <materialinfo>16.5</materialinfo>
        <usedin>
            <name>item17</name>
            <worth>11.9</worth>
            <usage>cooking</usage>
            <foundat geolocation="(2,3)">
                <details>
                    <floraandfauna>
                        <fauna>mediterranean</fauna>
                        <flora>friendly</flora>
                    </floraandfauna>
                </details>
            </foundat>
        </usedin>
    </materialusage>
    <materialusage>
        <materialinfo>21.5</materialinfo>
        <usedin>
            <name>item22</name>
            <worth>15.4</worth>
            <usage>cooking</usage>
            <foundat geolocation="(2,3)">
                <details>
                    <floraandfauna>
                        <fauna>mediterranean</fauna>
                        <flora>friendly</flora>
                    </floraandfauna>
                </details>
            </foundat>
        </usedin>
    </materialusage>
    <materialusage>
        <materialinfo>1.5</materialinfo>
        <usedin>
            <name>item2</name>
            <worth>1.4</worth>
            <usage>cooking</usage>
            <foundat geolocation="(2,3)">
                <details>
                    <floraandfauna>
                        <fauna>mediterranean</fauna>
                        <flora>friendly</flora>
                    </floraandfauna>
                </details>
            </foundat>
        </usedin>
    </materialusage>
    <materialusage>
        <materialinfo>11.5</materialinfo>
        <usedin>
            <name>item12</name>
            <worth>8.4</worth>
            <usage>cooking</usage>
            <foundat geolocation="(2,3)">
                <details>
                    <floraandfauna>
                        <fauna>mediterranean</fauna>
                        <flora>friendly</flora>
                    </floraandfauna>
                </details>
            </foundat>
        </usedin>
    </materialusage>
    <materialusage>
        <materialinfo>6.5</materialinfo>
        <usedin>
            <name>item7</name>
            <worth>4.9</worth>
            <usage>cooking</usage>
            <foundat geolocation="(2,3)">
                <details>
                    <floraandfauna>
                        <fauna>mediterranean</fauna>
                        <flora>friendly</flora>
                    </floraandfauna>
                </details>
            </foundat>
        </usedin>
    </materialusage>
    <materialusage>
        <materialinfo>26.5</materialinfo>
        <usedin>
            <name>item27</name>
            <worth>18.9</worth>
            <usage>cooking</usage>
            <foundat geolocation="(2,3)">
                <details>
                    <floraandfauna>
                        <fauna>mediterranean</fauna>
                        <flora>friendly</flora>
                    </floraandfauna>
                </details>
            </foundat>
        </usedin>
    </materialusage>
    <materialusage>
        <materialinfo>17.5</materialinfo>
        <usedin>
            <name>item18</name>
            <worth>12.6</worth>
            <usage>cooking</usage>
            <foundat geolocation="(3,4)">
                <details>
                    <floraandfauna>
                        <fauna>mediterranean</fauna>
                        <flora>friendly</flora>
                    </floraandfauna>
                </details>
            </foundat>
        </usedin>
    </materialusage>
    <materialusage>
        <materialinfo>7.5</materialinfo>
        <usedin>
            <name>item8</name>
            <worth>5.6</worth>
            <usage>cooking</usage>
            <foundat geolocation="(3,4)">
                <details>
                    <floraandfauna>
                        <fauna>mediterranean</fauna>
                        <flora>friendly</flora>
                    </floraandfauna>
                </details>
            </foundat>
        </usedin>
    </materialusage>
    <materialusage>
        <materialinfo>12.5</materialinfo>
        <usedin>
            <name>item13</name>
            <worth>9.1</worth>
            <usage>cooking</usage>
            <foundat geolocation="(3,4)">
                <details>
                    <floraandfauna>
                        <fauna>mediterranean</fauna>
                        <flora>friendly</flora>
                    </floraandfauna>
                </details>
            </foundat>
        </usedin>
    </materialusage>
    <materialusage>
        <materialinfo>27.5</materialinfo>
        <usedin>
            <name>item28</name>
            <worth>19.6</worth>
            <usage>cooking</usage>
            <foundat geolocation="(3,4)">
                <details>
                    <floraandfauna>
                        <fauna>mediterranean</fauna>
                        <flora>friendly</flora>
                    </floraandfauna>
                </details>
            </foundat>
        </usedin>
    </materialusage>
    <materialusage>
        <materialinfo>22.5</materialinfo>
        <usedin>
            <name>item23</name>
            <worth>16.1</worth>
            <usage>cooking</usage>
            <foundat geolocation="(3,4)">
                <details>
                    <floraandfauna>
                        <fauna>mediterranean</fauna>
                        <flora>friendly</flora>
                    </floraandfauna>
                </details>
            </foundat>
        </usedin>
    </materialusage>
    <materialusage>
        <materialinfo>2.5</materialinfo>
        <usedin>
            <name>item3</name>
            <worth>2.1</worth>
            <usage>cooking</usage>
            <foundat geolocation="(3,4)">
                <details>
                    <floraandfauna>
                        <fauna>mediterranean</fauna>
                        <flora>friendly</flora>
                    </floraandfauna>
                </details>
            </foundat>
        </usedin>
    </materialusage>
    <materialusage>
        <materialinfo>23.5</materialinfo>
        <usedin>
            <name>item24</name>
            <worth>16.8</worth>
            <usage>cooking</usage>
            <foundat geolocation="(4,5)">
                <details>
                    <floraandfauna>
                        <fauna>mediterranean</fauna>
                        <flora>friendly</flora>
                    </floraandfauna>
                </details>
            </foundat>
        </usedin>
    </materialusage>
    <materialusage>
        <materialinfo>13.5</materialinfo>
        <usedin>
            <name>item14</name>
            <worth>9.8</worth>
            <usage>cooking</usage>
            <foundat geolocation="(4,5)">
                <details>
                    <floraandfauna>
                        <fauna>mediterranean</fauna>
                        <flora>friendly</flora>
                    </floraandfauna>
                </details>
            </foundat>
        </usedin>
    </materialusage>
    <materialusage>
        <materialinfo>8.5</materialinfo>
        <usedin>
            <name>item9</name>
            <worth>6.3</worth>
            <usage>cooking</usage>
            <foundat geolocation="(4,5)">
                <details>
                    <floraandfauna>
                        <fauna>mediterranean</fauna>
                        <flora>friendly</flora>
                    </floraandfauna>
                </details>
            </foundat>
        </usedin>
    </materialusage>
    <materialusage>
        <materialinfo>28.5</materialinfo>
        <usedin>
            <name>item29</name>
            <worth>20.3</worth>
            <usage>cooking</usage>
            <foundat geolocation="(4,5)">
                <details>
                    <floraandfauna>
                        <fauna>mediterranean</fauna>
                        <flora>friendly</flora>
                    </floraandfauna>
                </details>
            </foundat>
        </usedin>
    </materialusage>
    <materialusage>
        <materialinfo>18.5</materialinfo>
        <usedin>
            <name>item19</name>
            <worth>13.3</worth>
            <usage>cooking</usage>
            <foundat geolocation="(4,5)">
                <details>
                    <floraandfauna>
                        <fauna>mediterranean</fauna>
                        <flora>friendly</flora>
                    </floraandfauna>
                </details>
            </foundat>
        </usedin>
    </materialusage>
    <materialusage>
        <materialinfo>3.5</materialinfo>
        <usedin>
            <name>item4</name>
            <worth>2.8</worth>
            <usage>cooking</usage>
            <foundat geolocation="(4,5)">
                <details>
                    <floraandfauna>
                        <fauna>mediterranean</fauna>
                        <flora>friendly</flora>
                    </floraandfauna>
                </details>
            </foundat>
        </usedin>
    </materialusage>
</MaterialList>